cat1,cat2,cat3,brand,sku_size,product_id,producto_estrella
HC,ROPA LAVADO,Liquido,LIMPIEX,900,20280,0
HC,ROPA LAVADO,Liquido,LIMPIEX,450,20180,0
HC,ROPA LAVADO,Liquido,LIMPIEX,120,20332,0
HC,ROPA LAVADO,Liquido,LIMPIEX,450,20222,0
HC,ROPA LAVADO,Liquido,LIMPIEX,900,20288,0
HC,ROPA LAVADO,Liquido,LIMPIEX,900,20582,0
HC,ROPA LAVADO,Liquido,LIMPIEX,450,20507,0
HC,ROPA LAVADO,Liquido,LIMPIEX,500,20740,0
HC,ROPA MANCHAS,Ladrillo,LIMPIEX,200,20082,0
HC,ROPA MANCHAS,Ladrillo,LIMPIEX,200,20039,0
HC,VAJILLA,Opaco,LIMPIEX,750,20017,0
HC,VAJILLA,Opaco,LIMPIEX,750,20008,0
HC,VAJILLA,Cristalino,LIMPIEX,750,20018,0
HC,VAJILLA,Cristalino,LIMPIEX,750,20109,0
HC,VAJILLA,Cristalino,LIMPIEX,750,20006,1
HC,PROFESIONAL,Liquido,LIMPIEX,5000,20487,0
HC,ROPA LAVADO,Liquido,LIMPIEX,2,21052,0
HC,ROPA LAVADO,Liquido,LIMPIEX,400,20174,0
HC,ROPA LAVADO,Liquido,LIMPIEX,1400,20126,0
HC,ROPA LAVADO,Liquido,LIMPIEX,3000,20085,0
HC,ROPA LAVADO,Liquido,LIMPIEX,1500,20110,0
HC,ROPA LAVADO,Liquido,LIMPIEX,800,20026,0
HC,ROPA LAVADO,Liquido,LIMPIEX,3000,20002,1
HC,ROPA LAVADO,Liquido,LIMPIEX,1500,20373,0
HC,ROPA LAVADO,Liquido,LIMPIEX,3000,20168,0
HC,ROPA LAVADO,Polvo,LIMPIEX,1500,20156,0
HC,ROPA LAVADO,Polvo,LIMPIEX,800,20455,0
HC,ROPA LAVADO,Polvo,LIMPIEX,3000,20498,0
HC,ROPA LAVADO,Polvo,LIMPIEX,800,20043,0
HC,ROPA LAVADO,Polvo,LIMPIEX,3000,20024,0
HC,VAJILLA,Opaco,LIMPIEX,1250,20097,0
HC,VAJILLA,Opaco,LIMPIEX,4000,20099,0
HC,VAJILLA,Cristalino,LIMPIEX,750,20029,0
HC,VAJILLA,Cristalino,LIMPIEX,4000,20178,0
HC,VAJILLA,Cristalino,LIMPIEX,750,20040,0
HC,PROFESIONAL,Polvo,LIMPIEX,10000,20164,0
HC,ROPA LAVADO,Polvo,LIMPIEX,400,20010,0
HC,ROPA LAVADO,Polvo,LIMPIEX,800,20022,0
HC,ROPA LAVADO,Polvo,LIMPIEX,3000,20025,0
HC,ROPA LAVADO,Polvo,LIMPIEX,400,20021,0
HC,ROPA LAVADO,Polvo,LIMPIEX,800,20020,0
HC,ROPA LAVADO,Polvo,LIMPIEX,5000,20030,0
HC,ROPA LAVADO,Polvo,LIMPIEX,3000,20011,1
HC,ROPA LAVADO,Polvo,LIMPIEX,400,20035,0
HC,ROPA LAVADO,Polvo,LIMPIEX,800,20031,0
HC,ROPA LAVADO,Polvo,LIMPIEX,3000,20016,0
HC,ROPA LAVADO,Liquido,LIMPIEX,400,20439,0
HC,ROPA LAVADO,Liquido,LIMPIEX,400,20731,0
HC,ROPA LAVADO,Liquido,LIMPIEX,400,20493,0
HC,ROPA LAVADO,Polvo,LIMPIEX,420,20814,0
HC,ROPA LAVADO,Polvo,LIMPIEX,400,20041,0
HC,ROPA LAVADO,Polvo,LIMPIEX,800,20050,0
HC,VAJILLA,Opaco,LIMPIEX,300,20345,0
HC,VAJILLA,Opaco,LIMPIEX,500,20546,0
HC,PROFESIONAL,Opaco,LIMPIEX,5000,20576,0
HC,VAJILLA,Opaco,LIMPIEX,300,20233,0
HC,VAJILLA,Opaco,LIMPIEX,500,20361,0
HC,VAJILLA,Cristalino,LIMPIEX,450,20286,0
HC,VAJILLA,Cristalino,LIMPIEX,300,20442,0
HC,VAJILLA,Cristalino,LIMPIEX,500,20548,0
HC,VAJILLA,Cristalino,LIMPIEX,300,20148,0
HC,VAJILLA,Cristalino,LIMPIEX,500,20162,0
HC,VAJILLA,Cristalino,LIMPIEX,750,20620,0
PC,DEOS,Aero,COLBERT,90,20811,0
PC,DEOS,Aero,COLBERT,90,20866,0
PC,DEOS,Aero,COLBERT,89,20844,0
PC,DEOS,Aero,COLBERT,100,20818,0
PC,DEOS,Aero,COLBERT,110,21061,0
PC,DEOS,Aero,COLBERT,100,20481,0
PC,PIEL2,Gel Ducha,COLBERT,200,21128,0
PC,CABELLO,Styling,COLBERT,75,21176,0
PC,CABELLO,Styling,COLBERT,75,21227,0
PC,CABELLO,Styling,COLBERT,75,21164,0
PC,DEOS,Aero,COLBERT,90,20539,0
PC,DEOS,Aero,COLBERT,90,20898,0
PC,DEOS,Aero,COLBERT,90,20599,0
PC,DEOS,Aero,COLBERT,90,20972,0
PC,DEOS,Aero,COLBERT,90,20920,0
PC,DEOS,Aero,COLBERT,90,20912,0
PC,DEOS,Aero,COLBERT,90,20904,0
PC,DEOS,Aero,COLBERT,100,20267,0
PC,DEOS,Aero,COLBERT,100,20590,0
PC,DEOS,Aero,COLBERT,100,20367,0
PC,DEOS,Aero,COLBERT,100,20321,0
PC,DEOS,Aero,COLBERT,100,20452,0
PC,DEOS,Aero,COLBERT,100,20496,0
PC,DEOS,Aero,COLBERT,100,20386,0
PC,DEOS,Aero,COLBERT,100,20799,0
PC,DEOS,Aero,COLBERT,100,20566,0
PC,DEOS,Aero,COLBERT,100,20263,0
PC,DEOS,Aero,COLBERT,110,21078,0
PC,DEOS,Aero,COLBERT,90,20536,0
PC,DEOS,Aero,COLBERT,110,21106,0
PC,DEOS,Aero,COLBERT,100,20719,0
PC,DEOS,NoAero,COLBERT,50,21156,0
PC,DEOS,NoAero,COLBERT,55,21027,0
PC,DEOS,NoAero,COLBERT,55,21071,0
PC,DEOS,NoAero,COLBERT,50,21196,0
PC,PIEL2,Gel Ducha,COLBERT,250,21068,0
PC,PIEL2,Gel Ducha,COLBERT,250,21051,0
PC,CABELLO,Styling,COLBERT,170,21034,0
PC,CABELLO,Styling,COLBERT,170,21040,0
FOODS,SOPAS Y CALDOS,PurePapas,SALSATI,100,20460,0
FOODS,SOPAS Y CALDOS,Salsas,SALSATI,350,20237,0
FOODS,SOPAS Y CALDOS,Salsas,SALSATI,350,20186,0
FOODS,SOPAS Y CALDOS,Salsas,SALSATI,350,20229,0
FOODS,SOPAS Y CALDOS,Salsas,SALSATI,350,20760,0
FOODS,SOPAS Y CALDOS,Salsas,SALSATI,350,20723,0
HC,VAJILLA,Gel,MUSCULO,900,20185,0
HC,VAJILLA,Gel,MUSCULO,300,20144,0
HC,VAJILLA,Gel,MUSCULO,500,20124,0
HC,VAJILLA,Gel,MUSCULO,300,20070,0
HC,VAJILLA,Gel,MUSCULO,500,20042,0
HC,VAJILLA,Gel,MUSCULO,750,20202,0
HC,VAJILLA,Gel,MUSCULO,300,20103,0
HC,VAJILLA,Gel,MUSCULO,500,20063,0
HC,VAJILLA,Gel,MUSCULO,750,20183,0
HC,PROFESIONAL,Gel,MUSCULO,5000,20886,0
HC,VAJILLA,Gel,MUSCULO,450,20073,0
HC,VAJILLA,Gel,MUSCULO,300,20412,0
HC,VAJILLA,Gel,MUSCULO,500,20374,0
HC,VAJILLA,Gel,MUSCULO,750,20564,0
HC,VAJILLA,Gel,MUSCULO,300,20477,0
HC,VAJILLA,Gel,MUSCULO,500,20408,0
HC,VAJILLA,Gel,MUSCULO,750,20712,0
HC,VAJILLA,Gel,MUSCULO,900,20165,0
HC,VAJILLA,Gel,MUSCULO,450,20112,0
HC,VAJILLA,Gel,MUSCULO,300,20485,0
HC,VAJILLA,Gel,MUSCULO,500,20376,0
HC,VAJILLA,Gel,MUSCULO,750,20595,0
HC,PROFESIONAL,Antigrasa,MUSCULO,5000,20395,0
HC,HOGAR,Antigrasa,MUSCULO,900,20068,0
HC,HOGAR,Antigrasa,MUSCULO,450,20027,0
HC,HOGAR,Antigrasa,MUSCULO,500,20246,0
HC,HOGAR,Esponja,MUSCULO,1,21212,0
HC,HOGAR,Esponja,MUSCULO,1,21184,0
HC,HOGAR,Esponja,MUSCULO,1,21155,0
HC,HOGAR,Paño,MUSCULO,3,20803,0
HC,HOGAR,Paño,MUSCULO,1,20941,0
HC,HOGAR,Paño,MUSCULO,1,21167,0
HC,HOGAR,Paño,MUSCULO,1,21195,0
HC,HOGAR,Baño,MUSCULO,900,20137,0
HC,HOGAR,Baño,MUSCULO,450,20076,0
HC,HOGAR,Baño,MUSCULO,500,20357,0
HC,PROFESIONAL,Baño,MUSCULO,5000,20604,0
HC,PROFESIONAL,Cloro,MUSCULO,5000,20916,0
HC,HOGAR,Cremoso,MUSCULO,375,20205,0
HC,HOGAR,Cremoso,MUSCULO,750,20092,0
HC,HOGAR,Cremoso,MUSCULO,375,20166,0
HC,HOGAR,Cremoso,MUSCULO,750,20065,0
HC,HOGAR,Cremoso,MUSCULO,375,20057,0
HC,HOGAR,Cremoso,MUSCULO,750,20013,0
HC,HOGAR,Cremoso,MUSCULO,150,21095,0
HC,HOGAR,Cremoso,MUSCULO,750,20163,0
HC,PROFESIONAL,Cremoso,MUSCULO,3000,20313,0
HC,HOGAR,Cremoso,MUSCULO,375,20209,0
HC,HOGAR,Cremoso,MUSCULO,750,20114,0
HC,HOGAR,Cremoso,MUSCULO,375,20312,0
HC,HOGAR,Gel,MUSCULO,250,20785,0
HC,HOGAR,Gel,MUSCULO,500,20593,0
HC,HOGAR,Gel,MUSCULO,500,20160,0
HC,HOGAR,Gel,MUSCULO,500,20293,0
HC,PROFESIONAL,Gel,MUSCULO,2000,20479,0
HC,HOGAR,Baño,MUSCULO,450,20281,0
HC,HOGAR,Baño,MUSCULO,500,20653,0
HC,HOGAR,Gel,MUSCULO,250,20681,0
HC,HOGAR,Gel,MUSCULO,500,20510,0
HC,HOGAR,PISOS,MUSCULO,750,20341,0
HC,PROFESIONAL,PISOS,MUSCULO,5000,20845,0
HC,PROFESIONAL,PISOS,MUSCULO,5000,20953,0
HC,VAJILLA,Cremoso,MUSCULO,300,20816,0
HC,HOGAR,PISOS,MUSCULO,2000,20206,0
HC,HOGAR,Paño,MUSCULO,1,21048,0
HC,HOGAR,PISOS,MUSCULO,750,20201,0
HC,HOGAR,PISOS,MUSCULO,450,20254,0
HC,HOGAR,PISOS,MUSCULO,750,20478,0
HC,HOGAR,PISOS,MUSCULO,450,20390,0
HC,HOGAR,PISOS,MUSCULO,750,20415,0
HC,HOGAR,PISOS,MUSCULO,450,20319,0
HC,HOGAR,PISOS,MUSCULO,450,20447,0
HC,HOGAR,PISOS,MUSCULO,750,20508,0
HC,HOGAR,PISOS,MUSCULO,750,20836,0
HC,HOGAR,PISOS,MUSCULO,450,20763,0
HC,HOGAR,PISOS,MUSCULO,15,21203,0
HC,HOGAR,PISOS,MUSCULO,750,20197,0
HC,HOGAR,Baño,MUSCULO,450,20366,0
HC,HOGAR,Antigrasa,MUSCULO,450,20308,0
HC,HOGAR,Paño,MUSCULO,1,21180,0
HC,HOGAR,Baño,MUSCULO,450,20253,0
HC,HOGAR,Lustramuebles,MUSCULO,375,20889,0
HC,HOGAR,Lustramuebles,MUSCULO,400,20834,0
HC,HOGAR,Vidrios,MUSCULO,900,20129,0
HC,HOGAR,Vidrios,MUSCULO,450,20053,0
HC,HOGAR,Vidrios,MUSCULO,500,20219,0
HC,PROFESIONAL,Vidrios,MUSCULO,5000,20638,0
HC,HOGAR,Vidrios,MUSCULO,500,20543,0
PC,CABELLO,ACONDICIONADOR,CAPILATIS,400,20893,0
PC,CABELLO,ACONDICIONADOR,CAPILATIS,200,21079,0
PC,CABELLO,ACONDICIONADOR,CAPILATIS,400,20824,0
PC,CABELLO,SHAMPOO,CAPILATIS,200,20656,0
PC,CABELLO,SHAMPOO,CAPILATIS,400,20560,0
PC,CABELLO,SHAMPOO,CAPILATIS,200,20606,0
PC,CABELLO,SHAMPOO,CAPILATIS,400,20482,0
PC,CABELLO,SHAMPOO,CAPILATIS,200,20579,0
PC,CABELLO,SHAMPOO,CAPILATIS,400,20470,0
PC,CABELLO,SHAMPOO,CAPILATIS,200,20745,0
PC,CABELLO,SHAMPOO,CAPILATIS,400,20910,0
PC,CABELLO,SHAMPOO,CAPILATIS,400,20698,0
PC,CABELLO,SHAMPOO,CAPILATIS,200,20713,0
PC,CABELLO,SHAMPOO,CAPILATIS,400,20596,0
PC,DENTAL,CREMA,COLGATE,180,20751,0
PC,DENTAL,CREMA,COLGATE,90,20585,0
PC,DENTAL,CREMA,COLGATE,180,20742,0
PC,DENTAL,CREMA,COLGATE,90,20563,0
PC,DENTAL,CREMA,COLGATE,90,20612,0
PC,DENTAL,CREMA,COLGATE,90,20699,0
PC,DENTAL,CREMA,COLGATE,90,20883,0
PC,DENTAL,CREMA,COLGATE,90,20985,0
PC,DENTAL,CREMA,COLGATE,90,20956,0
PC,DENTAL,CREMA,COLGATE,90,20906,0
PC,DENTAL,Cepilllo,COLGATE,1,21201,0
PC,DENTAL,Cepilllo,COLGATE,2,21118,0
PC,DENTAL,Cepilllo,COLGATE,2,21194,0
PC,DENTAL,Cepilllo,COLGATE,2,21207,0
HC,PROFESIONAL,SUAVIZANTE,VIVERE,2000,21216,0
HC,ROPA ACONDICIONADOR,Concentrado,VIVERE,450,20705,0
HC,ROPA ACONDICIONADOR,Concentrado,VIVERE,1000,20666,0
HC,ROPA ACONDICIONADOR,Concentrado,VIVERE,1000,20737,0
HC,ROPA ACONDICIONADOR,Concentrado,VIVERE,1000,20304,0
HC,ROPA ACONDICIONADOR,Concentrado,VIVERE,450,20473,0
HC,ROPA ACONDICIONADOR,Concentrado,VIVERE,1000,20588,0
HC,ROPA ACONDICIONADOR,Concentrado,VIVERE,450,20724,0
HC,ROPA ACONDICIONADOR,Concentrado,VIVERE,450,20978,0
HC,ROPA ACONDICIONADOR,Concentrado,VIVERE,1000,20752,0
HC,ROPA ACONDICIONADOR,Concentrado,VIVERE,1000,20881,0
HC,ROPA ACONDICIONADOR,Diluido,VIVERE,2000,20371,0
HC,ROPA ACONDICIONADOR,Diluido,VIVERE,900,20055,0
HC,ROPA ACONDICIONADOR,Diluido,VIVERE,900,20217,0
HC,ROPA ACONDICIONADOR,Diluido,VIVERE,3000,20056,0
HC,PROFESIONAL,SUAVIZANTE,VIVERE,5000,20513,0
HC,ROPA ACONDICIONADOR,Diluido,VIVERE,4000,20190,0
PC,CABELLO,Acond Mujer,NIVEA,200,20876,0
PC,CABELLO,Acond Mujer,NIVEA,400,20703,0
PC,CABELLO,Acond Mujer,NIVEA,750,20738,0
PC,CABELLO,Acond Mujer,NIVEA,200,20434,0
PC,CABELLO,Acond Mujer,NIVEA,400,20290,0
PC,CABELLO,Acond Mujer,NIVEA,200,20571,0
PC,CABELLO,Acond Mujer,NIVEA,400,20368,0
PC,CABELLO,Acond Mujer,NIVEA,200,20401,0
PC,CABELLO,Acond Mujer,NIVEA,400,20256,0
PC,CABELLO,Acond Mujer,NIVEA,400,20748,0
PC,CABELLO,Acond Mujer,NIVEA,750,20469,0
PC,CABELLO,Acond Mujer,NIVEA,750,20909,0
PC,CABELLO,Acond Mujer,NIVEA,200,20955,0
PC,CABELLO,Acond Mujer,NIVEA,400,20869,0
PC,CABELLO,Acond Mujer,NIVEA,400,20727,0
PC,CABELLO,Acond Mujer,NIVEA,10,20879,0
PC,CABELLO,Acond Mujer,NIVEA,750,20833,0
PC,CABELLO,Acond Mujer,NIVEA,200,20330,0
PC,CABELLO,Acond Mujer,NIVEA,400,20212,0
PC,CABELLO,Acond Mujer,NIVEA,750,20335,0
PC,CABELLO,Acond Mujer,NIVEA,930,21175,0
PC,CABELLO,Acond Mujer,NIVEA,200,20534,0
PC,CABELLO,Acond Mujer,NIVEA,400,20444,0
PC,CABELLO,Acond Mujer,NIVEA,750,20766,0
PC,CABELLO,Acond Mujer,NIVEA,200,20867,0
PC,CABELLO,Acond Mujer,NIVEA,400,20734,0
PC,CABELLO,Acond Mujer,NIVEA,750,20934,0
PC,CABELLO,Acond Mujer,NIVEA,400,20662,0
PC,CABELLO,Acond Mujer,NIVEA,400,20417,0
PC,CABELLO,Acond Mujer,NIVEA,180,20631,0
PC,CABELLO,Acond Mujer,NIVEA,200,20815,0
PC,CABELLO,Acond Mujer,NIVEA,400,20343,0
PC,CABELLO,Acond Mujer,NIVEA,750,20915,0
PC,CABELLO,Acond Mujer,NIVEA,400,20673,0
PC,DEOS,Aero,NIVEA,90,20946,0
PC,DEOS,Aero,NIVEA,100,20535,0
PC,DEOS,Aero,NIVEA,55,20901,0
PC,DEOS,Aero,NIVEA,55,20768,0
PC,DEOS,Aero,NIVEA,100,20856,0
PC,CABELLO,Acond Bebe,NIVEA,200,20783,0
PC,PIEL2,Jabon Bebe,NIVEA,180,20793,0
PC,PIEL2,Jabon Bebe,NIVEA,180,20831,0
PC,CABELLO,Shampoo Bebe,NIVEA,200,20853,0
PC,CABELLO,Shampoo Bebe,NIVEA,400,21026,0
PC,CABELLO,Shampoo Bebe,NIVEA,200,20981,0
PC,CABELLO,Shampoo Bebe,NIVEA,400,21054,0
PC,CABELLO,Shampoo Bebe,NIVEA,200,20658,0
PC,CABELLO,Shampoo Bebe,NIVEA,400,20622,0
PC,PIEL2,Toallitas Bebe,NIVEA,50,20642,0
PC,PIEL2,Toallitas Bebe,NIVEA,50,20651,0
PC,DEOS,Aero,NIVEA,65,21087,0
PC,DEOS,Aero,NIVEA,50,21126,0
PC,CABELLO,ACONDICIONADOR,NIVEA,400,20769,0
PC,CABELLO,ACONDICIONADOR,NIVEA,200,20943,0
PC,CABELLO,ACONDICIONADOR,NIVEA,180,20340,0
PC,CABELLO,ACONDICIONADOR,NIVEA,200,20598,0
PC,CABELLO,ACONDICIONADOR,NIVEA,400,20610,0
PC,PIEL1,Cuerpo,NIVEA,400,20971,0
PC,PIEL1,Cara,NIVEA,140,21276,0
PC,PIEL1,Cuerpo,NIVEA,400,21069,0
PC,PIEL1,Cuerpo,NIVEA,400,20809,0
PC,PIEL1,Cuerpo,NIVEA,200,21039,0
PC,PIEL1,Cuerpo,NIVEA,400,20933,0
PC,PIEL1,Cuerpo,NIVEA,200,20830,0
PC,PIEL1,Cuerpo,NIVEA,400,20696,0
PC,PIEL1,Cuerpo,NIVEA,200,20963,0
PC,PIEL1,Cuerpo,NIVEA,400,20959,0
PC,PIEL1,Cuerpo,NIVEA,200,20826,0
PC,PIEL1,Cuerpo,NIVEA,400,20680,0
PC,CABELLO,Tratamiento Fem,NIVEA,200,20952,0
PC,CABELLO,Tratamiento Fem,NIVEA,200,20977,0
PC,CABELLO,Tratamiento Fem,NIVEA,200,20969,0
PC,CABELLO,Tratamiento Fem,NIVEA,350,21294,0
PC,CABELLO,Tratamiento Fem,NIVEA,350,21094,0
PC,CABELLO,Tratamiento Fem,NIVEA,350,20755,0
PC,CABELLO,Tratamiento Fem,NIVEA,350,20718,0
PC,CABELLO,Tratamiento Fem,NIVEA,15,21260,0
PC,CABELLO,Tratamiento Fem,NIVEA,350,20776,0
PC,DEOS,Aero,NIVEA,89,20410,0
PC,DEOS,Aero,NIVEA,89,21115,0
PC,DEOS,Aero,NIVEA,89,21082,0
PC,DEOS,Aero,NIVEA,89,20569,0
PC,DEOS,Aero,NIVEA,89,20679,0
PC,DEOS,Aero,NIVEA,89,20315,0
PC,DEOS,Aero,NIVEA,89,20720,0
PC,DEOS,Aero,NIVEA,89,20122,0
PC,DEOS,Aero,NIVEA,89,20359,0
PC,DEOS,Aero,NIVEA,89,20453,0
PC,DEOS,Aero,NIVEA,89,20349,0
PC,DEOS,Aero,NIVEA,90,20924,0
PC,DEOS,RollOn,NIVEA,50,20967,0
PC,DEOS,RollOn,NIVEA,50,21035,0
PC,DEOS,RollOn,NIVEA,50,21214,0
PC,DEOS,RollOn,NIVEA,50,20887,0
PC,DEOS,RollOn,NIVEA,50,20777,0
PC,DEOS,RollOn,NIVEA,50,20697,0
PC,DEOS,RollOn,NIVEA,50,20839,0
PC,DEOS,RollOn,NIVEA,50,20807,0
PC,DEOS,RollOn,NIVEA,50,20973,0
PC,DEOS,RollOn,NIVEA,50,20908,0
PC,DEOS,RollOn,NIVEA,50,20913,0
PC,DEOS,RollOn,NIVEA,50,20326,0
PC,DEOS,RollOn,NIVEA,50,20954,0
PC,DEOS,Barra,NIVEA,50,21084,0
PC,DEOS,Barra,NIVEA,50,21109,0
PC,DEOS,Stick,NIVEA,50,21171,0
PC,DEOS,Stick,NIVEA,50,21008,0
PC,DEOS,Stick,NIVEA,50,20637,0
PC,PIEL1,Limpieza Cara,NIVEA,100,21153,0
PC,PIEL1,Limpieza Cara,NIVEA,100,21168,0
PC,PIEL1,Limpieza Cara,NIVEA,100,21159,0
PC,PIEL2,Liquido,NIVEA,250,20864,0
PC,PIEL2,Liquido,NIVEA,220,20419,0
PC,PIEL2,Barra,NIVEA,90,20058,0
PC,PIEL2,Barra,NIVEA,350,20619,0
PC,PIEL2,Barra,NIVEA,90,20283,0
PC,PIEL2,Barra,NIVEA,90,20486,0
PC,PIEL2,Liquido,NIVEA,250,20892,0
PC,PIEL2,Liquido,NIVEA,250,21013,0
PC,PIEL2,Liquido,NIVEA,250,20874,0
PC,PIEL2,Liquido,NIVEA,250,20788,0
PC,PIEL2,Liquido,NIVEA,250,21107,0
PC,PIEL2,Liquido,NIVEA,220,21004,0
PC,PIEL2,Liquido,NIVEA,250,21021,0
PC,PIEL2,Liquido,NIVEA,250,21006,0
PC,PIEL2,Barra,NIVEA,90,20896,0
PC,PIEL2,Barra,NIVEA,90,20488,0
PC,PIEL2,Barra,NIVEA,90,20711,0
PC,PIEL1,Cara,NIVEA,250,21267,0
PC,PIEL1,Cuerpo,NIVEA,470,21252,0
PC,PIEL1,Cuerpo,NIVEA,200,21269,0
PC,DEOS,Aero,NIVEA,89,20605,0
PC,CABELLO,Tratamiento Masc,NIVEA,300,20942,0
PC,CABELLO,Tratamiento Masc,NIVEA,300,20899,0
PC,CABELLO,Tratamiento Masc,NIVEA,300,21060,0
PC,DEOS,Aero,NIVEA,89,20500,0
PC,PIEL2,Jabon Barba,NIVEA,90,20775,0
PC,DEOS,Aero,NIVEA,70,21243,0
PC,DEOS,Aero,NIVEA,89,20744,0
PC,DEOS,Aero,NIVEA,89,20639,0
PC,DEOS,Aero,NIVEA,150,20932,0
PC,PIEL2,Barra,NIVEA,90,20782,0
PC,CABELLO,POST WASH,NIVEA,100,21130,0
PC,CABELLO,SHAMPOO,NIVEA,400,20628,0
PC,CABELLO,SHAMPOO,NIVEA,200,20784,0
PC,CABELLO,SHAMPOO,NIVEA,200,20914,0
PC,CABELLO,SHAMPOO,NIVEA,400,20857,0
PC,CABELLO,SHAMPOO,NIVEA,200,20789,0
PC,CABELLO,SHAMPOO,NIVEA,200,20819,0
PC,CABELLO,SHAMPOO,NIVEA,400,20690,0
PC,CABELLO,SHAMPOO,NIVEA,400,20686,0
PC,CABELLO,SHAMPOO,NIVEA,750,20704,0
PC,CABELLO,SHAMPOO,NIVEA,200,20400,0
PC,CABELLO,SHAMPOO,NIVEA,400,20275,0
PC,CABELLO,SHAMPOO,NIVEA,200,20837,0
PC,CABELLO,SHAMPOO,NIVEA,400,20710,0
PC,CABELLO,NUTRICION,NIVEA,200,20541,0
PC,CABELLO,NUTRICION,NIVEA,400,20351,0
PC,CABELLO,SHAMPOO,NIVEA,200,20365,0
PC,CABELLO,SHAMPOO,NIVEA,400,20244,0
PC,CABELLO,SHAMPOO,NIVEA,400,20791,0
PC,CABELLO,SHAMPOO,NIVEA,750,20406,0
PC,CABELLO,SHAMPOO,NIVEA,750,20938,0
PC,CABELLO,SHAMPOO,NIVEA,400,20861,0
PC,CABELLO,SHAMPOO,NIVEA,200,20880,0
PC,CABELLO,SHAMPOO,NIVEA,400,20747,0
PC,CABELLO,SHAMPOO,NIVEA,10,20894,0
PC,CABELLO,SHAMPOO,NIVEA,180,20334,0
PC,CABELLO,SHAMPOO,NIVEA,750,20829,0
PC,CABELLO,SHAMPOO,NIVEA,200,20309,0
PC,CABELLO,SHAMPOO,NIVEA,400,20189,0
PC,CABELLO,SHAMPOO,NIVEA,750,20342,0
PC,CABELLO,SHAMPOO,NIVEA,930,21177,0
PC,CABELLO,SHAMPOO,NIVEA,200,20529,0
PC,CABELLO,SHAMPOO,NIVEA,400,20397,0
PC,CABELLO,SHAMPOO,NIVEA,750,20767,0
PC,CABELLO,SHAMPOO,NIVEA,200,20900,0
PC,CABELLO,SHAMPOO,NIVEA,400,20688,0
PC,CABELLO,SHAMPOO,NIVEA,750,20911,0
PC,CABELLO,SHAMPOO,NIVEA,400,20615,0
PC,CABELLO,SHAMPOO,NIVEA,400,20377,0
PC,CABELLO,SHAMPOO,NIVEA,180,20671,0
PC,CABELLO,SHAMPOO,NIVEA,200,20573,0
PC,CABELLO,SHAMPOO,NIVEA,200,20779,0
PC,CABELLO,SHAMPOO,NIVEA,400,20298,0
PC,CABELLO,SHAMPOO,NIVEA,750,20888,0
PC,CABELLO,SHAMPOO,NIVEA,400,20621,0
PC,CABELLO,SHAMPOO,NIVEA,400,20584,0
PC,CABELLO,SHAMPOO,NIVEA,400,20968,0
PC,CABELLO,Tratamiento Fem,NIVEA,150,21189,0
PC,CABELLO,Tratamiento Fem,NIVEA,170,20997,0
PC,CABELLO,Tratamiento Fem,NIVEA,170,20902,0
PC,CABELLO,Tratamiento Fem,NIVEA,170,21145,0
PC,CABELLO,Tratamiento Fem,NIVEA,350,20832,0
HC,ROPA LAVADO,Liquido,ROPEX1,3000,20104,0
HC,ROPA LAVADO,Liquido,ROPEX1,1500,20333,0
HC,ROPA LAVADO,Liquido,ROPEX1,1500,20247,0
HC,ROPA LAVADO,Liquido,ROPEX1,400,20236,0
HC,PROFESIONAL,INDUSTRIAL,ROPEX1,5000,20262,0
HC,ROPA LAVADO,Liquido,ROPEX1,3000,20151,0
HC,ROPA LAVADO,Liquido,ROPEX1,3000,20009,1
HC,ROPA LAVADO,Liquido,ROPEX1,800,20015,0
HC,ROPA LAVADO,Polvo,ROPEX1,800,20141,0
HC,ROPA LAVADO,Polvo,ROPEX1,400,20091,0
HC,ROPA LAVADO,Polvo,ROPEX1,800,20067,0
HC,ROPA LAVADO,Polvo,ROPEX1,3000,20028,0
HC,ROPA LAVADO,Polvo,ROPEX1,400,20069,0
HC,ROPA LAVADO,Polvo,ROPEX1,800,20038,0
HC,ROPA LAVADO,Polvo,ROPEX1,5000,20064,0
HC,PROFESIONAL,INDUSTRIAL,ROPEX1,10000,20203,0
HC,ROPA LAVADO,Polvo,ROPEX1,3000,20083,0
HC,ROPA LAVADO,Polvo,ROPEX1,800,20115,0
HC,ROPA LAVADO,Polvo,ROPEX1,800,20066,0
HC,ROPA LAVADO,Polvo,ROPEX1,400,20113,0
HC,ROPA LAVADO,Polvo,ROPEX1,400,20071,0
HC,ROPA LAVADO,Polvo,ROPEX1,3000,20072,0
FOODS,ADEREZOS,Ketchup,MAYOS3,240,20158,0
FOODS,ADEREZOS,Mayonesa,MAYOS3,240,20116,0
FOODS,ADEREZOS,Mayonesa,MAYOS3,475,20084,0
FOODS,ADEREZOS,Mayonesa,MAYOS3,950,20121,0
FOODS,ADEREZOS,Mayonesa,MAYOS3,120,20227,0
FOODS,ADEREZOS,Mostaza,MAYOS3,240,20232,0
FOODS,ADEREZOS,Salsa Golf,MAYOS3,240,20224,0
HC,ROPA LAVADO,Liquido,ROPEX2,3000,20032,1
HC,ROPA LAVADO,Liquido,ROPEX2,800,20089,0
HC,ROPA LAVADO,Liquido,ROPEX2,800,20210,0
HC,ROPA LAVADO,Liquido,ROPEX2,3000,20127,0
HC,ROPA LAVADO,Liquido,ROPEX2,4000,20149,0
HC,ROPA LAVADO,Polvo,ROPEX2,5000,20128,0
HC,ROPA ACONDICIONADOR,Diluido,ROPEX2,4000,20260,0
HC,ROPA ACONDICIONADOR,Diluido,ROPEX2,800,20172,0
FOODS,ADEREZOS,Mayonesa,NATURA,240,20580,0
FOODS,ADEREZOS,Mayonesa,NATURA,500,20547,0
FOODS,ADEREZOS,Ketchup,NATURA,375,21020,0
FOODS,ADEREZOS,Ketchup,NATURA,240,20033,0
FOODS,ADEREZOS,Ketchup,NATURA,500,20095,0
FOODS,ADEREZOS,Ketchup,NATURA,60,20119,0
FOODS,ADEREZOS,Ketchup,NATURA,400,20242,0
FOODS,ADEREZOS,Ketchup,NATURA,250,20728,0
FOODS,ADEREZOS,Ketchup,NATURA,375,20806,0
FOODS,ADEREZOS,Mayonesa,NATURA,250,20440,0
FOODS,ADEREZOS,Mayonesa,NATURA,240,20554,0
FOODS,ADEREZOS,Mayonesa,NATURA,500,20494,0
FOODS,ADEREZOS,Mayonesa,NATURA,500,20645,0
FOODS,ADEREZOS,Mayonesa,NATURA,350,20683,0
FOODS,ADEREZOS,Mayonesa,NATURA,240,20108,0
FOODS,ADEREZOS,Mayonesa,NATURA,475,20046,0
FOODS,ADEREZOS,Mayonesa,NATURA,950,20118,0
FOODS,ADEREZOS,Mayonesa,NATURA,120,20384,0
FOODS,ADEREZOS,Mayonesa,NATURA,330,20454,0
FOODS,ADEREZOS,Mayonesa,NATURA,240,20396,0
FOODS,ADEREZOS,Mayonesa,NATURA,475,20399,0
FOODS,ADEREZOS,Mayonesa,NATURA,230,20459,0
FOODS,ADEREZOS,Mayonesa,NATURA,500,20522,0
FOODS,ADEREZOS,Mayonesa,NATURA,240,20004,1
FOODS,ADEREZOS,Mayonesa,NATURA,475,20003,1
FOODS,ADEREZOS,Mayonesa,NATURA,950,20019,0
FOODS,ADEREZOS,Mayonesa,NATURA,475,20501,0
FOODS,ADEREZOS,Mayonesa,NATURA,330,20394,0
FOODS,ADEREZOS,Mayonesa,NATURA,120,20005,1
FOODS,ADEREZOS,Mayonesa,NATURA,330,20379,0
FOODS,ADEREZOS,Mayonesa,NATURA,250,20264,0
FOODS,ADEREZOS,Mayonesa,NATURA,475,20207,0
FOODS,ADEREZOS,Mayonesa,NATURA,1000,20322,0
FOODS,ADEREZOS,Mayonesa,NATURA,120,20796,0
FOODS,ADEREZOS,Aji Picante,NATURA,240,20609,0
FOODS,ADEREZOS,Barbacoa,NATURA,500,20503,0
FOODS,ADEREZOS,Barbacoa,NATURA,400,20325,0
FOODS,ADEREZOS,Chimichurri,NATURA,350,20797,0
FOODS,ADEREZOS,Barbacoa,NATURA,250,20266,0
FOODS,ADEREZOS,Salsa Golf,NATURA,125,20289,0
FOODS,ADEREZOS,Salsa Golf,NATURA,240,20146,0
FOODS,ADEREZOS,Salsa Golf,NATURA,350,20512,0
PC,DEOS,Aero,DEOS2,100,20583,0
PC,DEOS,Aero,DEOS2,100,20725,0
PC,DEOS,Aero,DEOS2,100,21089,0
PC,DEOS,Aero,DEOS2,110,21111,0
PC,DEOS,Aero,DEOS2,60,21193,0
PC,DEOS,Aero,DEOS2,60,20840,0
PC,DEOS,Aero,DEOS2,60,20654,0
PC,DEOS,Aero,DEOS2,60,21114,0
PC,DEOS,Aero,DEOS2,60,21023,0
PC,DEOS,Aero,DEOS2,60,21119,0
PC,DEOS,Aero,DEOS2,60,20849,0
PC,DEOS,Aero,DEOS2,60,20838,0
PC,DEOS,Aero,DEOS2,60,20983,0
FOODS,SOPAS Y CALDOS,Dishes,MAGGI,8,20778,0
FOODS,SOPAS Y CALDOS,Dishes,MAGGI,8,21215,0
FOODS,SOPAS Y CALDOS,Dishes,MAGGI,8,20617,0
FOODS,SOPAS Y CALDOS,Dishes,MAGGI,8,20800,0
FOODS,SOPAS Y CALDOS,Dishes,MAGGI,8,21081,0
FOODS,SOPAS Y CALDOS,Caldo Cubo,MAGGI,6,20555,0
FOODS,SOPAS Y CALDOS,Caldo Cubo,MAGGI,2,20647,0
FOODS,SOPAS Y CALDOS,Caldo Cubo,MAGGI,12,20271,0
FOODS,SOPAS Y CALDOS,Caldo Cubo,MAGGI,12,20567,0
FOODS,SOPAS Y CALDOS,Caldo Cubo,MAGGI,6,20249,0
FOODS,SOPAS Y CALDOS,Caldo Cubo,MAGGI,2,20278,0
FOODS,SOPAS Y CALDOS,Caldo Cubo,MAGGI,12,20090,0
FOODS,SOPAS Y CALDOS,Caldos Granulados,MAGGI,4,20781,0
FOODS,SOPAS Y CALDOS,Caldos Granulados,MAGGI,12,20974,0
FOODS,SOPAS Y CALDOS,Caldos Granulados,MAGGI,5,20846,0
FOODS,SOPAS Y CALDOS,Caldos Granulados,MAGGI,12,21005,0
FOODS,SOPAS Y CALDOS,Caldo Cubo,MAGGI,12,20323,0
FOODS,SOPAS Y CALDOS,Caldo Cubo,MAGGI,6,20152,0
FOODS,SOPAS Y CALDOS,Caldo Cubo,MAGGI,2,20192,0
FOODS,SOPAS Y CALDOS,Caldo Cubo,MAGGI,12,20037,0
FOODS,SOPAS Y CALDOS,Pure de Tomate,MAGGI,500,20052,0
FOODS,SOPAS Y CALDOS,Dishes,MAGGI,8,20828,0
FOODS,SOPAS Y CALDOS,Dishes,MAGGI,8,20925,0
FOODS,SOPAS Y CALDOS,Dishes,MAGGI,8,21091,0
FOODS,SOPAS Y CALDOS,Dishes,MAGGI,8,21172,0
FOODS,SOPAS Y CALDOS,Pure de Papas,MAGGI,125,20079,0
FOODS,SOPAS Y CALDOS,Pure de Papas,MAGGI,200,20228,0
FOODS,SOPAS Y CALDOS,Pure de Papas,MAGGI,125,20216,0
FOODS,SOPAS Y CALDOS,Pure de Papas,MAGGI,125,20409,0
FOODS,SOPAS Y CALDOS,Dishes,MAGGI,8,20936,0
FOODS,SOPAS Y CALDOS,Sopas,MAGGI,5,21160,0
FOODS,SOPAS Y CALDOS,Baking Bags,MAGGI,15,20843,0
FOODS,SOPAS Y CALDOS,Baking Bags,MAGGI,15,20759,0
FOODS,SOPAS Y CALDOS,Baking Bags,MAGGI,15,21100,0
FOODS,SOPAS Y CALDOS,Baking Bags,MAGGI,15,20715,0
FOODS,SOPAS Y CALDOS,Baking Bags,MAGGI,15,20863,0
FOODS,SOPAS Y CALDOS,Baking Bags,MAGGI,15,20614,0
FOODS,SOPAS Y CALDOS,Baking Bags,MAGGI,15,21143,0
FOODS,SOPAS Y CALDOS,Baking Bags,MAGGI,15,20664,0
FOODS,SOPAS Y CALDOS,Sazonadores,MAGGI,4,21152,0
FOODS,SOPAS Y CALDOS,Sazonadores,MAGGI,4,21038,0
FOODS,SOPAS Y CALDOS,Salsas Dry,MAGGI,10,21088,0
FOODS,SOPAS Y CALDOS,Sazonadores,MAGGI,10,20730,0
FOODS,SOPAS Y CALDOS,Sazonadores,MAGGI,10,20721,0
FOODS,SOPAS Y CALDOS,Sazonadores,MAGGI,10,20860,0
FOODS,SOPAS Y CALDOS,Sazonadores,MAGGI,10,20641,0
FOODS,SOPAS Y CALDOS,Sazonadores,MAGGI,10,21045,0
FOODS,SOPAS Y CALDOS,Sazonadores,MAGGI,10,20660,0
FOODS,SOPAS Y CALDOS,Sazonadores,MAGGI,10,21287,0
FOODS,SOPAS Y CALDOS,Caldos Granulados,MAGGI,12,21242,0
FOODS,SOPAS Y CALDOS,Caldos Granulados,MAGGI,4,20947,0
FOODS,SOPAS Y CALDOS,Sazonadores,MAGGI,12,21247,0
FOODS,SOPAS Y CALDOS,Sazonadores,MAGGI,4,21024,0
FOODS,SOPAS Y CALDOS,Sazonadores,MAGGI,12,21239,0
FOODS,SOPAS Y CALDOS,Caldos Granulados,MAGGI,12,21234,0
FOODS,SOPAS Y CALDOS,Caldos Granulados,MAGGI,4,20970,0
FOODS,SOPAS Y CALDOS,Sazonadores,MAGGI,4,21016,0
FOODS,SOPAS Y CALDOS,Sazonadores,MAGGI,12,21237,0
FOODS,SOPAS Y CALDOS,Sazonadores,MAGGI,4,20847,0
FOODS,SOPAS Y CALDOS,Caldos Granulados,MAGGI,12,21220,0
FOODS,SOPAS Y CALDOS,Caldos Granulados,MAGGI,4,20812,0
FOODS,SOPAS Y CALDOS,Sopas,MAGGI,10,20398,0
FOODS,SOPAS Y CALDOS,Sopas,MAGGI,10,20813,0
FOODS,SOPAS Y CALDOS,Sopas,MAGGI,10,20729,0
FOODS,SOPAS Y CALDOS,Sopas,MAGGI,10,20670,0
FOODS,SOPAS Y CALDOS,Sopas,MAGGI,10,20868,0
FOODS,SOPAS Y CALDOS,Sopas,MAGGI,10,21015,0
FOODS,SOPAS Y CALDOS,Sopas,MAGGI,10,21030,0
FOODS,SOPAS Y CALDOS,Sopas,MAGGI,10,21046,0
FOODS,SOPAS Y CALDOS,Sopas,MAGGI,10,20429,0
FOODS,SOPAS Y CALDOS,Sopas,MAGGI,10,21113,0
FOODS,SOPAS Y CALDOS,Sopas,MAGGI,10,21182,0
FOODS,SOPAS Y CALDOS,Sopas,MAGGI,10,20416,0
FOODS,SOPAS Y CALDOS,Sopas,MAGGI,10,21122,0
FOODS,SOPAS Y CALDOS,Sopas,MAGGI,10,20601,0
FOODS,SOPAS Y CALDOS,Sopas,MAGGI,10,20586,0
FOODS,SOPAS Y CALDOS,Sopas,MAGGI,10,20685,0
FOODS,SOPAS Y CALDOS,Sopas,MAGGI,10,20422,0
FOODS,SOPAS Y CALDOS,Sopas,MAGGI,10,20449,0
FOODS,SOPAS Y CALDOS,Sopas,MAGGI,10,20675,0
FOODS,SOPAS Y CALDOS,Sopas,MAGGI,500,20987,0
FOODS,SOPAS Y CALDOS,Sopas,MAGGI,500,20907,0
FOODS,SOPAS Y CALDOS,Sopas,MAGGI,5,21067,0
FOODS,SOPAS Y CALDOS,Sopas,MAGGI,5,20665,0
FOODS,SOPAS Y CALDOS,Sopas,MAGGI,5,20984,0
FOODS,SOPAS Y CALDOS,Sopas,MAGGI,5,20991,0
FOODS,SOPAS Y CALDOS,Sopas,MAGGI,5,20678,0
FOODS,SOPAS Y CALDOS,Sopas,MAGGI,5,20636,0
FOODS,SOPAS Y CALDOS,Sopas,MAGGI,5,20561,0
FOODS,SOPAS Y CALDOS,Sopas,MAGGI,5,20663,0
FOODS,SOPAS Y CALDOS,Sopas,MAGGI,5,20765,0
FOODS,SOPAS Y CALDOS,Sopas,MAGGI,5,20773,0
FOODS,SOPAS Y CALDOS,Sopas,MAGGI,5,20597,0
FOODS,SOPAS Y CALDOS,Sopas,MAGGI,5,20428,0
FOODS,SOPAS Y CALDOS,Sopas,MAGGI,5,20418,0
FOODS,SOPAS Y CALDOS,Sopas,MAGGI,5,20490,0
FOODS,SOPAS Y CALDOS,Sopas,MAGGI,5,20509,0
FOODS,SOPAS Y CALDOS,Sopas,MAGGI,10,20234,0
FOODS,SOPAS Y CALDOS,Sopas,MAGGI,10,20350,0
FOODS,SOPAS Y CALDOS,Sopas,MAGGI,5,21064,0
FOODS,SOPAS Y CALDOS,Sopas,MAGGI,5,21099,0
FOODS,SOPAS Y CALDOS,Sopas,MAGGI,5,21075,0
FOODS,SOPAS Y CALDOS,Sopas,MAGGI,10,20265,0
FOODS,SOPAS Y CALDOS,Sopas,MAGGI,10,20302,0
FOODS,SOPAS Y CALDOS,Sopas,MAGGI,10,20305,0
FOODS,SOPAS Y CALDOS,Salsas Wet,MAGGI,350,20136,0
FOODS,SOPAS Y CALDOS,Salsas Dry,MAGGI,10,20948,0
FOODS,SOPAS Y CALDOS,Salsas Dry,MAGGI,10,21032,0
FOODS,SOPAS Y CALDOS,Salsas Dry,MAGGI,10,21151,0
FOODS,SOPAS Y CALDOS,Salsas Dry,MAGGI,10,21131,0
FOODS,SOPAS Y CALDOS,Salsas Wet,MAGGI,350,20105,0
FOODS,SOPAS Y CALDOS,Salsas Wet,MAGGI,350,20194,0
FOODS,SOPAS Y CALDOS,Salsas Wet,MAGGI,200,20435,0
FOODS,SOPAS Y CALDOS,Salsas Wet,MAGGI,350,20048,0
FOODS,SOPAS Y CALDOS,Salsas Wet,MAGGI,200,20173,0
FOODS,SOPAS Y CALDOS,Salsas Wet,MAGGI,350,20077,0
FOODS,SOPAS Y CALDOS,Salsas Wet,MAGGI,350,20360,0
FOODS,SOPAS Y CALDOS,Salsas Wet,MAGGI,350,20169,0
FOODS,SOPAS Y CALDOS,Dishes,MAGGI,8,20852,0
FOODS,SOPAS Y CALDOS,Sopas,MAGGI,10,21120,0
HC,PROFESIONAL,ACONDICIONADOR,FRANCIA,5000,21018,0
HC,PROFESIONAL,JABON LIQUIDO,FRANCIA,5000,20993,0
HC,PROFESIONAL,JABON LIQUIDO,FRANCIA,5000,20764,0
HC,PROFESIONAL,SHAMPOO,FRANCIA,5000,20992,0
PC,PIEL2,LIQUIDOS,ESPADOL,225,21049,0
PC,PIEL2,LIQUIDOS,ESPADOL,220,20821,0
PC,PIEL2,LIQUIDOS,ESPADOL,220,20702,0
PC,PIEL2,BARRAS,ESPADOL,375,20804,0
PC,PIEL2,BARRAS,ESPADOL,125,20676,0
PC,PIEL2,BARRAS,ESPADOL,375,20568,0
PC,PIEL2,BARRAS,ESPADOL,125,20825,0
PC,PIEL2,BARRAS,ESPADOL,125,20644,0
PC,PIEL2,BARRAS,ESPADOL,375,20517,0
PC,PIEL2,PACKS,ESPADOL,270,21147,0
PC,PIEL2,PACKS,ESPADOL,270,21173,0
PC,PIEL2,LIQUIDOS,ESPADOL,250,20994,0
PC,PIEL2,BARRAS,ESPADOL,125,20944,0
PC,PIEL2,BARRAS,ESPADOL,375,20905,0
FOODS,TE,Frutas,TWININGS,20,21271,0
FOODS,TE,Hierbas,TWININGS,20,21218,0
FOODS,TE,Especial,TWININGS,10,21257,0
FOODS,TE,Especial,TWININGS,20,21181,0
FOODS,TE,Especial,TWININGS,10,21255,0
FOODS,TE,Especial,TWININGS,20,21170,0
FOODS,TE,Hierbas,TWININGS,20,21202,0
FOODS,TE,Frutas,TWININGS,20,21264,0
FOODS,TE,Verde,TWININGS,20,21192,0
FOODS,TE,Azul,TWININGS,20,20982,0
FOODS,TE,Azul,TWININGS,10,21161,0
FOODS,TE,Verde,TWININGS,20,21222,0
FOODS,TE,Azul,TWININGS,225,21185,0
HC,HOGAR,Repelente,OFF,165,20741,0
HC,HOGAR,Repelente,OFF,165,20657,0
PC,CABELLO,Styling,GOMINA,150,20231,0
PC,CABELLO,Styling,GOMINA,280,20317,0
PC,CABELLO,Styling,GOMINA,150,20624,0
PC,PIEL2,LIQUIDOS,JABON1,250,21047,0
PC,PIEL2,LIQUIDOS,JABON1,250,21041,0
PC,PIEL2,LIQUIDOS,JABON1,250,21056,0
PC,PIEL2,LIQUIDOS,JABON1,250,21022,0
PC,PIEL2,BARRAS,JABON1,125,20391,0
PC,PIEL2,BARRAS,JABON1,375,20392,0
PC,PIEL2,BARRAS,JABON1,125,20369,0
PC,PIEL2,BARRAS,JABON1,375,20245,0
PC,PIEL2,BARRAS,JABON1,125,20258,0
PC,PIEL2,BARRAS,JABON1,375,20318,0
PC,PIEL2,BARRAS,JABON1,125,20339,0
PC,PIEL2,LIQUIDOS,JABON1,250,21029,0
PC,PIEL2,LIQUIDOS,JABON1,250,21019,0
PC,PIEL2,LIQUIDOS,JABON1,250,20988,0
PC,PIEL2,BARRAS,JABON1,375,20550,0
PC,PIEL2,BARRAS,JABON1,125,20581,0
PC,PIEL2,BARRAS,JABON1,375,20274,0
PC,PIEL2,BARRAS,JABON1,125,20294,0
PC,PIEL2,BARRAS,JABON1,375,20331,0
PC,PIEL2,BARRAS,JABON1,125,20347,0
HC,PROFESIONAL,Jabon Hotel,JABON1,15,20928,0
FOODS,OTROS,Almidon,HARINAMA,500,20086,0
FOODS,OTROS,Almidon,HARINAMA,215,20096,0
FOODS,OTROS,Granolas,HARINAMA,35,21188,0
FOODS,OTROS,Granolas,HARINAMA,270,21043,0
FOODS,OTROS,Granolas,HARINAMA,200,21011,0
FOODS,OTROS,Granolas,HARINAMA,35,21206,0
FOODS,OTROS,Granolas,HARINAMA,270,21031,0
FOODS,OTROS,Granolas,HARINAMA,200,20979,0
FOODS,OTROS,Galletitas,HARINAMA,180,20975,0
FOODS,OTROS,Galletitas,HARINAMA,180,20995,0
FOODS,OTROS,Galletitas,HARINAMA,180,20962,0
FOODS,OTROS,Granolas,HARINAMA,180,21250,0
FOODS,OTROS,Granolas,HARINAMA,250,21258,0
FOODS,OTROS,Granolas,HARINAMA,180,21251,0
FOODS,OTROS,Granolas,HARINAMA,250,21254,0
FOODS,OTROS,Pastas,HARINAMA,400,20940,0
FOODS,OTROS,Pastas,HARINAMA,400,20964,0
FOODS,OTROS,Pastas,HARINAMA,400,20929,0
FOODS,OTROS,Bizcochuelo,HARINAMA,500,20689,0
FOODS,OTROS,Bizcochuelo,HARINAMA,500,20558,0
FOODS,OTROS,Bizcochuelo,HARINAMA,500,20798,0
FOODS,OTROS,Bizcochuelo,HARINAMA,500,20817,0
FOODS,OTROS,Bizcochuelo,HARINAMA,500,20835,0
PC,CABELLO,ACONDICIONADOR,VICHY,250,21261,0
PC,CABELLO,ACONDICIONADOR,VICHY,250,21246,0
PC,CABELLO,ACONDICIONADOR,VICHY,250,21262,0
PC,CABELLO,ACONDICIONADOR,VICHY,250,21256,0
PC,CABELLO,SHAMPOO,VICHY,250,21263,0
PC,CABELLO,SHAMPOO,VICHY,250,21244,0
PC,CABELLO,SHAMPOO,VICHY,250,21259,0
PC,CABELLO,SHAMPOO,VICHY,250,21248,0
PC,DEOS,Aero,DEOS3,150,20533,0
PC,DEOS,Aero,DEOS3,100,20424,0
PC,DEOS,Aero,DEOS3,150,20926,0
PC,DEOS,Aero,DEOS3,150,20667,0
PC,DEOS,Aero,DEOS3,150,20923,0
PC,DEOS,Aero,DEOS3,150,20618,0
PC,DEOS,Aero,DEOS3,100,20484,0
PC,DEOS,Aero,DEOS3,100,20432,0
PC,DEOS,Aero,DEOS3,100,20505,0
PC,DEOS,Aero,DEOS3,50,21190,0
PC,DEOS,Aero,DEOS3,50,21280,0
PC,DEOS,Aero,DEOS3,50,21224,0
PC,DEOS,Aero,DEOS3,50,21200,0
PC,PIEL1,Cara,LANCOME,300,21074,0
PC,PIEL1,Cara,LANCOME,200,21070,0
PC,PIEL1,Cara,LANCOME,200,20865,0
PC,PIEL1,Cuerpo,LANCOME,100,20957,0
PC,PIEL1,Cuerpo,LANCOME,50,21055,0
PC,PIEL1,Cara,LANCOME,100,20882,0
PC,PIEL1,Cara,LANCOME,50,21062,0
PC,PIEL1,Cara,LANCOME,50,21057,0
PC,PIEL1,Cara,LANCOME,100,21149,0
PC,PIEL1,Cara,LANCOME,50,21028,0
PC,PIEL1,Cara,LANCOME,100,20885,0
PC,PIEL1,Cara,LANCOME,100,20937,0
PC,PIEL1,Cara,LANCOME,50,21080,0
PC,PIEL1,Cara,LANCOME,100,20801,0
PC,PIEL1,Cara,LANCOME,50,20976,0
PC,PIEL1,Cara,LANCOME,30,20998,0
PC,PIEL1,Cara,LANCOME,50,21208,0
PC,PIEL1,Cara,LANCOME,220,21163,0
PC,PIEL1,Cara,LANCOME,220,21135,0
PC,PIEL1,Cara,LANCOME,200,20862,0
PC,PIEL1,Cara,LANCOME,200,21116,0
PC,PIEL1,Cara,LANCOME,200,21232,0
PC,PIEL1,Cara,LANCOME,30,21010,0
PC,PIEL1,Cara,LANCOME,30,20939,0
PC,PIEL1,Cara,LANCOME,30,21140,0
PC,PIEL1,Cara,LANCOME,30,21112,0
PC,PIEL2,Alcohol,DEOS1,75,20921,0
PC,DEOS,Aero,DEOS1,55,20935,0
HC,PROFESIONAL,Alcohol en Gel,DEOS1,5000,21017,0
PC,PIEL2,Alcohol en Gel,DEOS1,300,20875,0
PC,PIEL2,Alcohol en Gel,DEOS1,225,21166,0
PC,PIEL2,Alcohol en Gel,DEOS1,225,21134,0
PC,PIEL2,Alcohol en Gel,DEOS1,60,21104,0
PC,PIEL2,Alcohol en Gel,DEOS1,125,20871,0
PC,DEOS,Talco,DEOS1,60,20111,0
PC,DEOS,Aero,DEOS1,90,20272,0
PC,DEOS,Aero,DEOS1,90,20255,0
PC,DEOS,Aero,DEOS1,55,21036,0
PC,DEOS,Aero,DEOS1,55,20999,0
PC,DEOS,Aero,DEOS1,90,20354,0
PC,DEOS,Aero,DEOS1,100,20891,0
PC,DEOS,Talco,DEOS1,90,20646,0
PC,DEOS,Aero,DEOS1,90,20407,0
PC,DEOS,Aero,DEOS1,90,20627,0
PC,DEOS,Aero,DEOS1,90,20276,0
PC,DEOS,Aero,DEOS1,90,20320,0
PC,DEOS,Aero,DEOS1,150,20695,0
PC,DEOS,Aero,DEOS1,55,20965,0
PC,DEOS,Aero,DEOS1,90,20858,0
PC,DEOS,Aero,DEOS1,90,20300,0
PC,DEOS,Aero,DEOS1,90,20296,0
PC,DEOS,Aero,DEOS1,90,20307,0
PC,DEOS,Aero,DEOS1,90,20411,0
PC,DEOS,Talco,DEOS1,90,20382,0
PC,DEOS,Aero,DEOS1,90,20650,0
PC,DEOS,Talco,DEOS1,90,20542,0
PC,DEOS,NoAero,DEOS1,50,20878,0
PC,DEOS,NoAero,DEOS1,50,20986,0
PC,DEOS,NoAero,DEOS1,50,20949,0
PC,DEOS,NoAero,DEOS1,50,20749,0
PC,DEOS,Aero,DEOS1,50,21179,0
PC,DEOS,Aero,DEOS1,50,21092,0
PC,DEOS,NoAero,DEOS1,50,21097,0
PC,DEOS,NoAero,DEOS1,50,20820,0
PC,DEOS,NoAero,DEOS1,50,20735,0
PC,DEOS,NoAero,DEOS1,50,20739,0
PC,DEOS,NoAero,DEOS1,50,20701,0
PC,DEOS,NoAero,DEOS1,50,20600,0
PC,DEOS,NoAero,DEOS1,50,20823,0
PC,DEOS,NoAero,DEOS1,50,20756,0
PC,DEOS,NoAero,DEOS1,50,21014,0
PC,DEOS,NoAero,DEOS1,50,21110,0
PC,DEOS,NoAero,DEOS1,50,20761,0
PC,DEOS,Pies Aero,DEOS1,150,20917,0
PC,DEOS,Pies Talco,DEOS1,100,20402,0
PC,DEOS,Pies NoAero,DEOS1,100,20709,0
PC,DEOS,Pies Talco,DEOS1,100,20120,0
PC,DEOS,Pies Talco,DEOS1,200,20132,0
PC,DEOS,Aero,DEOS1,90,20762,0
PC,PIEL2,Jabon Regular,DEOS1,375,20123,0
PC,PIEL2,Jabon Regular,DEOS1,125,20139,0
PC,PIEL2,Jabon Antibacterial,DEOS1,90,20700,0
PC,PIEL2,Jabon Antibacterial,DEOS1,90,20574,0
PC,PIEL2,Jabon Antibacterial,DEOS1,270,20552,0
PC,PIEL2,Jabon Regular,DEOS1,375,20093,0
PC,PIEL2,Jabon Regular,DEOS1,125,20134,0
PC,PIEL2,Jabon Regular,DEOS1,180,20687,0
PC,PIEL2,Jabon Regular,DEOS1,375,20101,0
PC,PIEL2,Jabon Regular,DEOS1,125,20133,0
PC,PIEL2,Jabon Regular,DEOS1,375,20451,0
PC,PIEL2,Jabon Regular,DEOS1,125,20545,0
PC,PIEL2,Jabon Glicerina,DEOS1,90,20827,0
PC,PIEL2,Jabon Glicerina,DEOS1,270,20774,0
PC,PIEL2,Jabon Glicerina,DEOS1,90,20772,0
PC,PIEL2,Jabon Glicerina,DEOS1,270,20732,0
PC,PIEL2,Jabon Glicerina,DEOS1,90,20674,0
PC,PIEL2,Jabon Glicerina,DEOS1,270,20592,0
PC,PIEL2,Jabon Regular,DEOS1,220,20870,0
PC,PIEL2,Jabon Antibacterial,DEOS1,220,20758,0
PC,PIEL2,Jabon Antibacterial,DEOS1,250,21037,0
PC,PIEL2,Jabon Antibacterial,DEOS1,250,21001,0
PC,PIEL2,Jabon Antibacterial,DEOS1,250,20990,0
PC,PIEL2,Jabon Regular,DEOS1,220,20706,0
PC,PIEL2,Jabon Regular,DEOS1,250,21065,0
PC,PIEL2,Jabon Regular,DEOS1,220,20802,0
PC,PIEL2,Jabon Antibacterial,DEOS1,400,20950,0
PC,PIEL2,Jabon Regular,DEOS1,375,20106,0
PC,PIEL2,Jabon Regular,DEOS1,125,20140,0
PC,PIEL2,Jabon Regular,DEOS1,180,20692,0
PC,PIEL2,Jabon Regular,DEOS1,375,20081,0
PC,PIEL2,Jabon Regular,DEOS1,125,20125,0
PC,DEOS,Aero,DEOS1,110,20966,0
PC,DEOS,Aero,DEOS1,90,20235,0
PC,DEOS,Aero,DEOS1,90,20694,0
PC,DEOS,NoAero,DEOS1,50,20810,0
PC,DEOS,NoAero,DEOS1,50,21058,0
PC,DEOS,NoAero,DEOS1,50,21096,0
PC,DEOS,NoAero,DEOS1,50,21129,0
PC,PIEL2,Antibacterial,DEOS1,90,21197,0
PC,DEOS,Pies Talco,DEOS1,200,20337,0
PC,DEOS,Aero,DEOS1,110,20859,0
PC,DEOS,Aero,DEOS1,90,20362,0
PC,DEOS,Aero,DEOS1,90,20608,0
PC,DEOS,Aero,DEOS1,55,21090,0
PC,DEOS,Aero,DEOS1,90,20316,0
PC,DEOS,NoAero,DEOS1,50,21050,0
PC,DEOS,NoAero,DEOS1,50,20961,0
PC,DEOS,NoAero,DEOS1,50,20672,0
FOODS,ADEREZOS,Mayonesa,DEOS1,120,20270,0
FOODS,ADEREZOS,Ketchup,DEOS1,240,20299,0
FOODS,ADEREZOS,Mayonesa,DEOS1,250,20161,0
FOODS,ADEREZOS,Mayonesa,DEOS1,475,20107,0
FOODS,ADEREZOS,Mayonesa,DEOS1,1000,20175,0
FOODS,ADEREZOS,Mayonesa,DEOS1,340,20506,0
FOODS,ADEREZOS,Mostaza,DEOS1,240,20328,0
FOODS,ADEREZOS,Salsa Golf,DEOS1,240,20471,0
FOODS,ADEREZOS,Mostaza,MOSTAZA1,180,21154,0
FOODS,ADEREZOS,Mostaza,MOSTAZA1,180,21146,0
FOODS,ADEREZOS,Mostaza,MOSTAZA1,275,20884,0
FOODS,ADEREZOS,Mostaza,MOSTAZA1,220,20684,0
FOODS,ADEREZOS,Mostaza,MOSTAZA1,370,20250,0
FOODS,ADEREZOS,Mostaza,MOSTAZA1,240,20023,0
FOODS,ADEREZOS,Mostaza,MOSTAZA1,60,20100,0
FOODS,ADEREZOS,Mostaza,MOSTAZA1,500,20078,0
FOODS,ADEREZOS,Mostaza,MOSTAZA1,200,20211,0
FOODS,ADEREZOS,Mostaza,MOSTAZA1,180,21144,0
FOODS,ADEREZOS,Mostaza,MOSTAZA1,250,20668,0
FOODS,ADEREZOS,Mostaza,MOSTAZA1,200,20375,0
PC,CABELLO,ACONDICIONADOR,SHAMPOO3,200,20403,0
PC,CABELLO,ACONDICIONADOR,SHAMPOO3,300,20436,0
PC,CABELLO,ACONDICIONADOR,SHAMPOO3,350,20306,0
PC,CABELLO,ACONDICIONADOR,SHAMPOO3,650,20348,0
PC,CABELLO,ACONDICIONADOR,SHAMPOO3,200,20603,0
PC,CABELLO,ACONDICIONADOR,SHAMPOO3,350,20537,0
PC,CABELLO,ACONDICIONADOR,SHAMPOO3,650,20633,0
PC,CABELLO,ACONDICIONADOR,SHAMPOO3,200,20822,0
PC,CABELLO,ACONDICIONADOR,SHAMPOO3,350,20746,0
PC,CABELLO,ACONDICIONADOR,SHAMPOO3,650,20795,0
PC,CABELLO,ACONDICIONADOR,SHAMPOO3,200,20324,0
PC,CABELLO,ACONDICIONADOR,SHAMPOO3,650,20291,0
PC,CABELLO,ACONDICIONADOR,SHAMPOO3,300,20364,0
PC,CABELLO,ACONDICIONADOR,SHAMPOO3,200,21127,0
PC,CABELLO,ACONDICIONADOR,SHAMPOO3,350,21103,0
PC,CABELLO,ACONDICIONADOR,SHAMPOO3,650,21123,0
PC,CABELLO,ACONDICIONADOR,SHAMPOO3,200,20188,0
PC,CABELLO,ACONDICIONADOR,SHAMPOO3,300,20155,0
PC,CABELLO,ACONDICIONADOR,SHAMPOO3,350,20193,0
PC,CABELLO,ACONDICIONADOR,SHAMPOO3,650,20215,0
PC,CABELLO,ACONDICIONADOR,SHAMPOO3,650,20634,0
PC,CABELLO,ACONDICIONADOR,SHAMPOO3,930,21186,0
PC,CABELLO,ACONDICIONADOR,SHAMPOO3,350,20184,0
PC,CABELLO,ACONDICIONADOR,SHAMPOO3,650,20643,0
PC,CABELLO,ACONDICIONADOR,SHAMPOO3,200,20540,0
PC,CABELLO,ACONDICIONADOR,SHAMPOO3,350,20527,0
PC,CABELLO,ACONDICIONADOR,SHAMPOO3,650,20553,0
PC,CABELLO,ACONDICIONADOR,SHAMPOO3,350,20251,0
PC,CABELLO,ACONDICIONADOR,SHAMPOO3,200,20284,0
PC,CABELLO,ACONDICIONADOR,SHAMPOO3,650,20269,0
PC,CABELLO,ACONDICIONADOR,SHAMPOO3,300,20167,0
PC,CABELLO,ACONDICIONADOR,SHAMPOO3,650,20707,0
PC,CABELLO,ACONDICIONADOR,SHAMPOO3,10,20282,0
PC,CABELLO,ACONDICIONADOR,SHAMPOO3,200,20187,0
PC,CABELLO,ACONDICIONADOR,SHAMPOO3,300,20145,0
PC,CABELLO,ACONDICIONADOR,SHAMPOO3,650,20198,0
PC,CABELLO,ACONDICIONADOR,SHAMPOO3,10,20303,0
PC,CABELLO,ACONDICIONADOR,SHAMPOO3,200,20467,0
PC,CABELLO,ACONDICIONADOR,SHAMPOO3,350,20420,0
PC,CABELLO,ACONDICIONADOR,SHAMPOO3,650,20446,0
PC,CABELLO,ACONDICIONADOR,SHAMPOO3,650,20492,0
PC,CABELLO,ACONDICIONADOR,SHAMPOO3,200,20511,0
PC,CABELLO,ACONDICIONADOR,SHAMPOO3,350,20461,0
PC,CABELLO,ACONDICIONADOR,SHAMPOO3,200,20528,0
PC,CABELLO,ACONDICIONADOR,SHAMPOO3,650,20516,0
PC,CABELLO,ACONDICIONADOR,SHAMPOO3,350,20499,0
PC,CABELLO,ACONDICIONADOR,SHAMPOO3,10,20450,0
PC,CABELLO,ACONDICIONADOR,SHAMPOO3,200,20292,0
PC,CABELLO,ACONDICIONADOR,SHAMPOO3,350,20226,0
PC,CABELLO,ACONDICIONADOR,SHAMPOO3,650,20252,0
PC,CABELLO,ACONDICIONADOR,SHAMPOO3,200,20338,0
PC,CABELLO,ACONDICIONADOR,SHAMPOO3,350,20327,0
PC,CABELLO,ACONDICIONADOR,SHAMPOO3,650,20383,0
PC,CABELLO,POST WASH,SHAMPOO3,300,20841,0
PC,CABELLO,POST WASH,SHAMPOO3,300,20640,0
PC,CABELLO,POST WASH,SHAMPOO3,300,21009,0
PC,CABELLO,POST WASH,SHAMPOO3,300,20655,0
PC,CABELLO,POST WASH,SHAMPOO3,300,20787,0
PC,CABELLO,POST WASH,SHAMPOO3,135,21007,0
PC,CABELLO,POST WASH,SHAMPOO3,300,20353,0
PC,CABELLO,POST WASH,SHAMPOO3,300,21117,0
PC,CABELLO,POST WASH,SHAMPOO3,400,21002,0
PC,CABELLO,POST WASH,SHAMPOO3,300,21137,0
PC,CABELLO,POST WASH,SHAMPOO3,300,21150,0
PC,CABELLO,POST WASH,SHAMPOO3,300,21108,0
PC,CABELLO,SHAMPOO,SHAMPOO3,200,20387,0
PC,CABELLO,SHAMPOO,SHAMPOO3,300,20437,0
PC,CABELLO,SHAMPOO,SHAMPOO3,350,20297,0
PC,CABELLO,SHAMPOO,SHAMPOO3,650,20344,0
PC,CABELLO,SHAMPOO,SHAMPOO3,200,20575,0
PC,CABELLO,SHAMPOO,SHAMPOO3,350,20525,0
PC,CABELLO,SHAMPOO,SHAMPOO3,650,20577,0
PC,CABELLO,SHAMPOO,SHAMPOO3,200,20754,0
PC,CABELLO,SHAMPOO,SHAMPOO3,650,20659,0
PC,CABELLO,SHAMPOO,SHAMPOO3,350,20623,0
PC,CABELLO,SHAMPOO,SHAMPOO3,200,20301,0
PC,CABELLO,SHAMPOO,SHAMPOO3,350,20230,0
PC,CABELLO,SHAMPOO,SHAMPOO3,650,20295,0
PC,CABELLO,SHAMPOO,SHAMPOO3,300,20389,0
PC,CABELLO,SHAMPOO,SHAMPOO3,350,20225,0
PC,CABELLO,SHAMPOO,SHAMPOO3,200,21187,0
PC,CABELLO,SHAMPOO,SHAMPOO3,350,21141,0
PC,CABELLO,SHAMPOO,SHAMPOO3,650,21136,0
PC,CABELLO,SHAMPOO,SHAMPOO3,350,20356,0
PC,CABELLO,SHAMPOO,SHAMPOO3,200,20176,0
PC,CABELLO,SHAMPOO,SHAMPOO3,300,20157,0
PC,CABELLO,SHAMPOO,SHAMPOO3,350,20177,0
PC,CABELLO,SHAMPOO,SHAMPOO3,650,20208,0
PC,CABELLO,SHAMPOO,SHAMPOO3,650,20616,0
PC,CABELLO,SHAMPOO,SHAMPOO3,10,20310,0
PC,CABELLO,SHAMPOO,SHAMPOO3,930,21183,0
PC,CABELLO,SHAMPOO,SHAMPOO3,200,20182,0
PC,CABELLO,SHAMPOO,SHAMPOO3,300,20153,0
PC,CABELLO,SHAMPOO,SHAMPOO3,350,20181,0
PC,CABELLO,SHAMPOO,SHAMPOO3,650,20200,0
PC,CABELLO,SHAMPOO,SHAMPOO3,650,20613,0
PC,CABELLO,SHAMPOO,SHAMPOO3,10,20314,0
PC,CABELLO,SHAMPOO,SHAMPOO3,200,20462,0
PC,CABELLO,SHAMPOO,SHAMPOO3,350,20448,0
PC,CABELLO,SHAMPOO,SHAMPOO3,650,20425,0
PC,CABELLO,SHAMPOO,SHAMPOO3,200,20523,0
PC,CABELLO,SHAMPOO,SHAMPOO3,350,20495,0
PC,CABELLO,SHAMPOO,SHAMPOO3,650,20559,0
PC,CABELLO,SHAMPOO,SHAMPOO3,200,20268,0
PC,CABELLO,SHAMPOO,SHAMPOO3,350,20238,0
PC,CABELLO,SHAMPOO,SHAMPOO3,650,20277,0
PC,CABELLO,SHAMPOO,SHAMPOO3,650,20504,0
PC,CABELLO,SHAMPOO,SHAMPOO3,350,20441,0
PC,CABELLO,SHAMPOO,SHAMPOO3,200,20489,0
PC,CABELLO,SHAMPOO,SHAMPOO3,200,20475,0
PC,CABELLO,SHAMPOO,SHAMPOO3,350,20423,0
PC,CABELLO,SHAMPOO,SHAMPOO3,650,20430,0
PC,CABELLO,SHAMPOO,SHAMPOO3,300,20179,0
PC,CABELLO,SHAMPOO,SHAMPOO3,10,20483,0
PC,CABELLO,SHAMPOO,SHAMPOO3,200,20273,0
PC,CABELLO,SHAMPOO,SHAMPOO3,350,20220,0
PC,CABELLO,SHAMPOO,SHAMPOO3,650,20241,0
PC,CABELLO,SHAMPOO,SHAMPOO3,650,20717,0
PC,CABELLO,SHAMPOO,SHAMPOO3,200,20336,0
PC,CABELLO,SHAMPOO,SHAMPOO3,350,20329,0
PC,CABELLO,SHAMPOO,SHAMPOO3,650,20385,0
PC,CABELLO,POST WASH,SHAMPOO3,150,21213,0
PC,CABELLO,POST WASH,SHAMPOO3,150,21198,0
PC,CABELLO,POST WASH,SHAMPOO3,150,21210,0
PC,CABELLO,ACONDICIONADOR,SHAMPOO3,170,21093,0
PC,CABELLO,ACONDICIONADOR,SHAMPOO3,170,21105,0
PC,CABELLO,ACONDICIONADOR,SHAMPOO3,170,21102,0
PC,CABELLO,ACONDICIONADOR,SHAMPOO3,170,21086,0
PC,DEOS,Aero,SKIN1,150,21245,0
PC,DEOS,Aero,SKIN1,150,21233,0
PC,PIEL1,Desmaquillante,SKIN1,200,21142,0
PC,PIEL1,Limpieza,SKIN1,150,21209,0
PC,PIEL1,Limpieza,SKIN1,150,21191,0
PC,PIEL1,Limpieza,SKIN1,25,21226,0
PC,PIEL1,Limpieza,SKIN1,25,21229,0
HC,ROPA LAVADO,Liquido,ARIEL,1000,20919,0
HC,ROPA LAVADO,Liquido,ARIEL,450,20635,0
HC,ROPA LAVADO,Liquido,ARIEL,800,20682,0
HC,ROPA LAVADO,Liquido,ARIEL,800,20378,0
HC,ROPA LAVADO,Liquido,ARIEL,3000,20135,0
HC,ROPA LAVADO,Liquido,ARIEL,800,20611,0
HC,ROPA LAVADO,Liquido,ARIEL,3000,20102,0
HC,ROPA LAVADO,Liquido,ARIEL,3000,20001,1
HC,ROPA LAVADO,Liquido,ARIEL,800,20045,0
HC,ROPA LAVADO,Liquido,ARIEL,400,20261,0
HC,ROPA LAVADO,Liquido,ARIEL,1400,20150,0
HC,ROPA LAVADO,Polvo,ARIEL,5000,20036,0
HC,ROPA LAVADO,Polvo,ARIEL,800,20472,0
HC,ROPA LAVADO,Polvo,ARIEL,800,20363,0
HC,ROPA LAVADO,Liquido,ARIEL,500,20753,0
HC,PROFESIONAL,INDUSTRIAL,ARIEL,5000,20515,0
HC,ROPA LAVADO,Liquido,ARIEL,4000,20370,0
HC,ROPA LAVADO,Liquido,ARIEL,1500,20098,0
HC,ROPA LAVADO,Liquido,ARIEL,500,20897,0
HC,ROPA LAVADO,Liquido,ARIEL,1000,20780,0
HC,ROPA LAVADO,Liquido,ARIEL,1000,20413,0
HC,ROPA LAVADO,Liquido,ARIEL,800,20427,0
HC,PROFESIONAL,INDUSTRIAL,ARIEL,2000,21211,0
HC,ROPA LAVADO,Liquido,ARIEL,1000,20805,0
HC,ROPA LAVADO,Liquido,ARIEL,800,20445,0
HC,PROFESIONAL,INDUSTRIAL,ARIEL,7500,20895,0
HC,PROFESIONAL,INDUSTRIAL,ARIEL,4500,20958,0
HC,ROPA LAVADO,Polvo,ARIEL,1500,20147,0
HC,ROPA LAVADO,Polvo,ARIEL,400,20195,0
HC,ROPA LAVADO,Polvo,ARIEL,800,20060,0
HC,ROPA LAVADO,Polvo,ARIEL,3000,20034,0
HC,PROFESIONAL,INDUSTRIAL,ARIEL,10000,20191,0
HC,ROPA LAVADO,Polvo,ARIEL,475,20691,0
HC,ROPA LAVADO,Polvo,ARIEL,3000,20626,0
HC,ROPA LAVADO,Polvo,ARIEL,600,20279,0
HC,ROPA LAVADO,Polvo,ARIEL,2500,20204,0
HC,ROPA LAVADO,Polvo,ARIEL,900,20557,0
HC,ROPA LAVADO,Polvo,ARIEL,475,20649,0
HC,ROPA LAVADO,Polvo,ARIEL,3000,20468,0
HC,ROPA LAVADO,Polvo,ARIEL,1800,20562,0
PC,PIEL1,CUIDADO ESPECIAL,LANCOME,350,21085,0
PC,PIEL1,CREMA,LANCOME,200,21235,0
PC,PIEL1,CREMA,LANCOME,200,21205,0
PC,PIEL1,CREMA,LANCOME,400,21138,0
PC,PIEL1,CREMA,LANCOME,350,20538,0
PC,PIEL1,CREMA,LANCOME,530,20463,0
PC,PIEL1,CREMA,LANCOME,350,20661,0
PC,PIEL1,CREMA,LANCOME,530,20570,0
PC,PIEL1,CREMA,LANCOME,350,20693,0
PC,PIEL1,CREMA,LANCOME,530,20594,0
PC,PIEL1,CREMA,LANCOME,530,20708,0
PC,PIEL1,CREMA,LANCOME,400,21221,0
PC,PIEL1,CREMA,LANCOME,400,21236,0
PC,PIEL1,CREMA,LANCOME,350,20714,0
PC,PIEL1,CREMA,LANCOME,530,20549,0
PC,PIEL1,CREMA,LANCOME,200,21231,0
PC,PIEL1,CREMA,LANCOME,400,21132,0
PC,PIEL1,CREMA,LANCOME,350,20922,0
PC,PIEL1,CREMA,LANCOME,530,20786,0
PC,PIEL1,CREMA,LANCOME,400,21204,0
PC,PIEL1,CUIDADO ESPECIAL,LANCOME,170,21157,0
PC,PIEL1,CUIDADO ESPECIAL,LANCOME,170,21133,0
PC,PIEL1,CUIDADO ESPECIAL,LANCOME,32,21266,0
PC,PIEL1,CUIDADO ESPECIAL,LANCOME,32,21265,0
PC,CABELLO,ACONDICIONADOR,SHAMPOO2,930,20257,0
PC,CABELLO,ACONDICIONADOR,SHAMPOO2,930,20154,0
PC,CABELLO,ACONDICIONADOR,SHAMPOO2,930,21072,0
PC,CABELLO,ACONDICIONADOR,SHAMPOO2,300,20648,0
PC,CABELLO,ACONDICIONADOR,SHAMPOO2,930,20059,0
PC,CABELLO,ACONDICIONADOR,SHAMPOO2,930,20094,0
PC,CABELLO,ACONDICIONADOR,SHAMPOO2,930,20223,0
PC,CABELLO,ACONDICIONADOR,SHAMPOO2,930,21012,0
PC,CABELLO,ACONDICIONADOR,SHAMPOO2,930,20080,0
PC,CABELLO,ACONDICIONADOR,SHAMPOO2,350,20551,0
PC,CABELLO,ACONDICIONADOR,SHAMPOO2,930,20159,0
PC,CABELLO,ACONDICIONADOR,SHAMPOO2,930,20061,0
PC,CABELLO,ACONDICIONADOR,SHAMPOO2,300,20630,0
PC,CABELLO,ACONDICIONADOR,SHAMPOO2,930,20170,0
PC,DEOS,Aero,SHAMPOO2,150,20873,0
PC,DEOS,Aero,SHAMPOO2,150,20930,0
PC,PIEL2,Jabon Barra,SHAMPOO2,270,20214,0
PC,PIEL2,Jabon Barra,SHAMPOO2,125,20405,0
PC,PIEL2,Jabon Barra,SHAMPOO2,125,20476,0
PC,PIEL2,Jabon Barra,SHAMPOO2,270,20355,0
PC,PIEL2,Jabon Barra,SHAMPOO2,125,20431,0
PC,PIEL2,Jabon Barra,SHAMPOO2,270,20248,0
PC,PIEL2,Jabon Barra,SHAMPOO2,125,20521,0
PC,PIEL2,Jabon Barra,SHAMPOO2,270,20414,0
PC,PIEL2,Jabon Barra,SHAMPOO2,270,20531,0
PC,PIEL2,Jabon Barra,SHAMPOO2,270,20393,0
PC,PIEL2,Jabon Barra,SHAMPOO2,270,20591,0
PC,PIEL2,Jabon Barra,SHAMPOO2,125,20526,0
PC,PIEL2,Jabon Barra,SHAMPOO2,270,20458,0
PC,PIEL2,Jabon Barra,SHAMPOO2,270,20287,0
PC,PIEL2,Jabon Barra,SHAMPOO2,125,20457,0
PC,CABELLO,Niños,SHAMPOO2,350,20927,0
PC,CABELLO,Niños,SHAMPOO2,350,20497,0
PC,CABELLO,Niños,SHAMPOO2,200,20980,0
PC,CABELLO,Niños,SHAMPOO2,350,20625,0
PC,CABELLO,Niños,SHAMPOO2,350,20465,0
PC,DEOS,Aero,SHAMPOO2,150,20951,0
PC,DEOS,Aero,SHAMPOO2,150,20945,0
PC,CABELLO,SHAMPOO,SHAMPOO2,930,20213,0
PC,CABELLO,SHAMPOO,SHAMPOO2,930,20131,0
PC,CABELLO,SHAMPOO,SHAMPOO2,930,21053,0
PC,CABELLO,SHAMPOO,SHAMPOO2,300,20607,0
PC,CABELLO,SHAMPOO,SHAMPOO2,930,20044,0
PC,CABELLO,SHAMPOO,SHAMPOO2,350,20464,0
PC,CABELLO,SHAMPOO,SHAMPOO2,930,20075,0
PC,CABELLO,SHAMPOO,SHAMPOO2,930,20199,0
PC,CABELLO,SHAMPOO,SHAMPOO2,930,21025,0
PC,CABELLO,SHAMPOO,SHAMPOO2,930,20054,0
PC,CABELLO,SHAMPOO,SHAMPOO2,350,20502,0
PC,CABELLO,SHAMPOO,SHAMPOO2,930,20130,0
PC,CABELLO,SHAMPOO,SHAMPOO2,930,20047,0
PC,CABELLO,SHAMPOO,SHAMPOO2,300,20587,0
PC,CABELLO,SHAMPOO,SHAMPOO2,930,20143,0
HC,VAJILLA,Opaco,Importado,1000,20196,0
HC,VAJILLA,Opaco,Importado,1000,20388,0
HC,VAJILLA,Cristalino,Importado,500,20524,0
HC,VAJILLA,Cristalino,Importado,1000,20311,0
HC,VAJILLA,Cristalino,Importado,16,20652,0
PC,CABELLO,ACONDICIONADOR,SHAMPOO1,400,20474,0
PC,CABELLO,ACONDICIONADOR,SHAMPOO1,750,20480,0
PC,CABELLO,ACONDICIONADOR,SHAMPOO1,400,20872,0
PC,CABELLO,DETOX,SHAMPOO1,400,20578,0
PC,CABELLO,DETOX,SHAMPOO1,750,20532,0
PC,CABELLO,ACONDICIONADOR,SHAMPOO1,400,20438,0
PC,CABELLO,ACONDICIONADOR,SHAMPOO1,750,20443,0
PC,CABELLO,ACONDICIONADOR,SHAMPOO1,200,20677,0
PC,CABELLO,ACONDICIONADOR,SHAMPOO1,400,20381,0
PC,CABELLO,ACONDICIONADOR,SHAMPOO1,750,20372,0
PC,CABELLO,ACONDICIONADOR,SHAMPOO1,200,20602,0
PC,CABELLO,ACONDICIONADOR,SHAMPOO1,400,20722,0
PC,CABELLO,ACONDICIONADOR,SHAMPOO1,750,20726,0
PC,CABELLO,ACONDICIONADOR,SHAMPOO1,750,21059,0
PC,CABELLO,ACONDICIONADOR,SHAMPOO1,200,20669,0
PC,CABELLO,ACONDICIONADOR,SHAMPOO1,200,20794,0
PC,CABELLO,ACONDICIONADOR,SHAMPOO1,400,20589,0
PC,CABELLO,ACONDICIONADOR,SHAMPOO1,200,20771,0
PC,CABELLO,POST WASH,SHAMPOO1,200,21077,0
PC,CABELLO,POST WASH,SHAMPOO1,200,21063,0
PC,CABELLO,POST WASH,SHAMPOO1,400,21162,0
PC,CABELLO,POST WASH,SHAMPOO1,200,21076,0
PC,CABELLO,POST WASH,SHAMPOO1,200,20960,0
PC,CABELLO,POST WASH,SHAMPOO1,400,20931,0
PC,CABELLO,POST WASH,SHAMPOO1,400,20989,0
PC,CABELLO,POST WASH,SHAMPOO1,400,20903,0
PC,CABELLO,POST WASH,SHAMPOO1,400,20850,0
PC,CABELLO,POST WASH,SHAMPOO1,200,21219,0
PC,CABELLO,POST WASH,SHAMPOO1,100,21124,0
PC,CABELLO,SHAMPOO,SHAMPOO1,200,20790,0
PC,CABELLO,SHAMPOO,SHAMPOO1,400,20544,0
PC,CABELLO,SHAMPOO,SHAMPOO1,400,20851,0
PC,CABELLO,SHAMPOO,SHAMPOO1,200,20743,0
PC,CABELLO,SHAMPOO,SHAMPOO1,400,20514,0
PC,CABELLO,SHAMPOO,SHAMPOO1,750,20466,0
PC,CABELLO,POST WASH,SHAMPOO1,750,20404,0
PC,CABELLO,POST WASH,SHAMPOO1,400,20380,0
PC,CABELLO,POST WASH,SHAMPOO1,200,20629,0
PC,CABELLO,SHAMPOO,SHAMPOO1,200,20572,0
PC,CABELLO,SHAMPOO,SHAMPOO1,400,20352,0
PC,CABELLO,SHAMPOO,SHAMPOO1,750,20346,0
PC,CABELLO,SHAMPOO,SHAMPOO1,400,20716,0
PC,CABELLO,SHAMPOO,SHAMPOO1,750,20736,0
PC,CABELLO,SHAMPOO,SHAMPOO1,750,21148,0
PC,CABELLO,SHAMPOO,SHAMPOO1,200,20632,0
PC,CABELLO,SHAMPOO,SHAMPOO1,400,20433,0
PC,CABELLO,SHAMPOO,SHAMPOO1,750,20456,0
PC,CABELLO,POST WASH,SHAMPOO1,300,21174,0
PC,CABELLO,POST WASH,SHAMPOO1,420,21083,0
PC,CABELLO,POST WASH,SHAMPOO1,150,21282,0
HC,PROFESIONAL,LAVAVAJILLA ULTRA,INDUSTRIAL,5000,21121,0
HC,PROFESIONAL,PISOS,INDUSTRIAL,5000,21101,0
HC,PROFESIONAL,LV ROPA LIQUIDO,INDUSTRIAL,5000,20792,0
HC,PROFESIONAL,LV ROPA POLVO,INDUSTRIAL,10,21000,0
HC,PROFESIONAL,LV ROPA POLVO,INDUSTRIAL,25,20770,0
HC,PROFESIONAL,SUAVIZANTE,INDUSTRIAL,5000,20854,0
HC,HOGAR,Baño,AYUDIN,450,20491,0
HC,HOGAR,Baño,AYUDIN,500,20757,0
HC,HOGAR,TOILETTE,AYUDIN,35,20855,0
HC,HOGAR,TOILETTE,AYUDIN,55,20750,0
HC,HOGAR,TOILETTE,AYUDIN,35,21073,0
HC,HOGAR,TOILETTE,AYUDIN,30,21003,0
HC,HOGAR,TOILETTE,AYUDIN,30,20996,0
HC,HOGAR,TOILETTE,AYUDIN,35,20877,0
HC,HOGAR,TOILETTE,AYUDIN,55,21033,0
HC,HOGAR,Baño,AYUDIN,750,20842,0
HC,HOGAR,LAVANDINA EN GEL,AYUDIN,700,20138,0
HC,HOGAR,LAVANDINA EN GEL,AYUDIN,700,20171,0
HC,HOGAR,LAVANDINA EN GEL,AYUDIN,700,20117,0
HC,HOGAR,TOILETTE,AYUDIN,300,20421,0
HC,HOGAR,TOILETTE,AYUDIN,300,20239,0
HC,HOGAR,LAVANDINA EN GEL,AYUDIN,700,20062,0
HC,HOGAR,TOILETTE,AYUDIN,100,21042,0
HC,HOGAR,TOILETTE,AYUDIN,100,21044,0
HC,ROPA ACONDICIONADOR,ACONDICIONADOR,DOWNY,1000,20520,0
HC,ROPA ACONDICIONADOR,ACONDICIONADOR,DOWNY,450,20530,0
HC,ROPA ACONDICIONADOR,ACONDICIONADOR,DOWNY,1000,20733,0
HC,ROPA ACONDICIONADOR,ACONDICIONADOR,DOWNY,450,20426,0
HC,ROPA ACONDICIONADOR,ACONDICIONADOR,DOWNY,1000,20358,0
HC,ROPA ACONDICIONADOR,ACONDICIONADOR,DOWNY,450,21158,0
HC,ROPA ACONDICIONADOR,ACONDICIONADOR,DOWNY,900,20087,0
HC,ROPA ACONDICIONADOR,ACONDICIONADOR,DOWNY,900,20051,0
HC,ROPA ACONDICIONADOR,ACONDICIONADOR,DOWNY,900,20074,0
HC,ROPA ACONDICIONADOR,ACONDICIONADOR,DOWNY,4000,20088,0
HC,ROPA ACONDICIONADOR,ACONDICIONADOR,DOWNY,2000,20243,0
HC,ROPA ACONDICIONADOR,ACONDICIONADOR,DOWNY,4000,20221,0
HC,ROPA ACONDICIONADOR,ACONDICIONADOR,DOWNY,3000,20049,0
HC,ROPA ACONDICIONADOR,ACONDICIONADOR,DOWNY,900,20007,1
HC,ROPA ACONDICIONADOR,ACONDICIONADOR,DOWNY,3000,20014,0
HC,PROFESIONAL,SUAVIZANTE,DOWNY,5000,20218,0
HC,ROPA ACONDICIONADOR,ACONDICIONADOR,DOWNY,800,20012,0
FOODS,SOPAS Y CALDOS,Caldo Cubo,MAGGI2,12,20556,0
FOODS,SOPAS Y CALDOS,Caldo Cubo,MAGGI2,2,20565,0
FOODS,SOPAS Y CALDOS,Caldo Cubo,MAGGI2,12,20240,0
FOODS,SOPAS Y CALDOS,Caldo Cubo,MAGGI2,6,20285,0
FOODS,SOPAS Y CALDOS,Caldo Cubo,MAGGI2,2,20259,0
FOODS,SOPAS Y CALDOS,Caldo Cubo,MAGGI2,12,20142,0
FOODS,SOPAS Y CALDOS,Caldo Cubo,MAGGI2,6,20890,0
